Col.Number,Reference.Number,Easting,Northing,Number.of.Vehicles,Number.of.Casualties,Accident.Date,Time..24hr.,X1st.Road.Class,Road.Surface,Lighting.Conditions,Weather.Conditions,Casualty.Class,Casualty.Severity,Sex.of.Casualty,Age.of.Casualty,Type.of.Vehicle
41,11309,430112,431742,2,1,07-Jan-09,1240,3,2,1,1,1,3,1,17,1
45,19509,425549,436382,2,1,07-Jan-09,750,3,2,1,1,1,3,1,41,1
54,13009,431503,435127,2,1,09-Jan-09,819,3,1,1,1,1,3,1,31,1
80,24709,428956,435470,2,1,13-Jan-09,1550,3,1,1,1,1,2,1,20,1
81,25109,428470,435284,2,1,13-Jan-09,2130,6,2,7,1,1,3,1,38,1
84,29909,428061,435959,2,1,14-Jan-09,845,3,2,4,2,1,3,1,26,1
86,37009,418301,441336,2,1,14-Jan-09,1753,3,2,4,2,1,2,1,37,1
90,345809,424579,435155,2,1,14-Jan-09,1300,3,1,1,1,1,3,1,43,1
94,37309,427887,440270,2,1,15-Jan-09,1335,6,2,1,1,1,3,1,75,1
142,46809,427551,431985,2,1,20-Jan-09,800,3,1,1,1,1,3,1,39,1
157,80209,435518,434819,1,1,22-Jan-09,1540,6,1,1,1,3,3,2,86,1
159,54309,424019,438460,2,1,23-Jan-09,730,6,2,7,9,1,3,1,44,1
165,67609,426354,428164,2,1,23-Jan-09,1325,4,1,1,1,1,3,1,45,1
198,73309,429797,433923,2,1,28-Jan-09,1000,6,2,1,1,1,3,2,28,1
199,88909,428678,435628,2,1,28-Jan-09,1720,3,2,4,7,1,3,1,25,1
203,75209,428838,434630,2,1,29-Jan-09,1735,6,2,4,1,1,3,1,19,1
208,77809,423583,434592,2,1,29-Jan-09,740,6,2,1,8,1,2,1,59,1
220,77309,431074,431989,2,1,30-Jan-09,1545,3,1,1,1,1,3,1,40,1
238,79209,423015,437661,2,1,31-Jan-09,1920,3,1,4,1,1,3,1,49,1
323,116109,427111,436977,2,1,10-Feb-09,1515,6,2,1,1,1,3,1,42,1
336,118409,432419,432576,2,1,11-Feb-09,1550,6,1,1,1,1,3,1,17,1
374,143209,428621,436933,2,1,17-Feb-09,1215,6,1,1,1,1,2,2,33,1
393,149209,433836,434457,2,1,20-Feb-09,2113,6,1,4,1,1,3,1,14,1
429,161709,430306,433396,3,1,27-Feb-09,1740,6,1,1,1,1,3,1,38,1
439,168509,422157,428037,2,1,28-Feb-09,845,3,1,1,1,1,3,1,36,1
463,193109,429011,435493,2,1,03-Mar-09,2000,6,2,4,2,1,3,2,24,1
464,193209,423010,437654,2,1,03-Mar-09,1939,3,2,4,4,1,3,1,46,1
494,188609,431821,429049,2,1,08-Mar-09,1200,6,1,1,1,1,3,1,8,1
520,198009,428771,433285,2,1,12-Mar-09,1603,3,1,1,1,1,3,1,41,1
552,212409,427749,436151,2,1,15-Mar-09,2130,4,1,4,1,1,3,1,20,1
566,214309,434895,433429,2,1,16-Mar-09,1630,6,1,1,1,1,3,1,65,1
567,218309,431511,436760,2,1,16-Mar-09,1535,6,1,1,1,1,2,1,38,1
585,225209,428062,435957,2,1,18-Mar-09,1135,3,1,1,1,1,3,2,65,1
595,222909,429243,433843,2,2,19-Mar-09,1650,6,1,1,1,1,3,1,19,1
604,225009,430787,435294,2,1,20-Mar-09,905,6,1,1,1,1,2,1,47,1
621,228009,430090,431300,2,1,24-Mar-09,1004,3,1,1,1,1,3,1,25,1
654,237009,428096,434522,2,1,27-Mar-09,830,6,1,1,1,1,3,1,29,1
680,253409,429691,433788,2,1,31-Mar-09,1443,6,1,1,1,1,3,1,17,1
681,253509,427925,437242,2,1,31-Mar-09,1500,6,1,1,1,1,3,1,13,1
685,258009,428347,429533,2,1,31-Mar-09,1600,3,1,1,1,1,3,1,12,1
700,259209,435247,434842,2,1,02-Apr-09,900,3,1,1,1,1,3,2,24,1
718,268109,429890,434730,2,1,03-Apr-09,1715,6,1,1,1,1,3,2,9,1
721,264309,431650,436116,2,1,04-Apr-09,1640,4,1,1,1,1,2,2,12,1
724,279109,428929,432001,3,1,04-Apr-09,952,6,1,1,1,1,3,1,25,1
736,269209,428852,433990,2,1,06-Apr-09,1945,6,2,4,2,1,3,1,29,1
745,274609,429891,434519,2,1,06-Apr-09,1900,3,2,4,1,1,3,1,39,1
789,301009,436157,433573,2,1,13-Apr-09,1605,6,1,1,1,1,3,1,20,1
797,288209,428040,431881,2,1,14-Apr-09,1525,6,1,1,1,1,3,1,38,1
815,296309,430068,433822,2,1,16-Apr-09,230,6,2,4,1,1,3,1,25,1
816,299309,428543,437391,2,1,16-Apr-09,815,6,1,1,1,1,2,1,58,1
838,308109,434571,428654,3,1,20-Apr-09,1805,6,1,1,1,1,3,1,6,1
840,308409,426126,435588,2,1,20-Apr-09,1130,4,1,1,1,1,3,1,61,1
852,317409,428718,435611,2,1,20-Apr-09,1220,3,1,1,1,1,3,2,29,1
858,315309,441360,430950,2,1,21-Apr-09,1510,4,1,1,1,1,3,1,47,1
862,322609,428478,435151,2,1,21-Apr-09,1845,6,1,1,1,1,3,1,33,1
865,316209,429147,433500,3,1,22-Apr-09,1750,6,1,1,1,1,3,1,30,1
866,316909,428001,436006,2,1,22-Apr-09,1740,3,1,1,1,1,3,1,44,1
871,324109,428382,436742,2,1,22-Apr-09,2310,4,1,4,1,1,2,1,25,1
902,329109,431636,435163,2,1,25-Apr-09,1643,6,1,1,1,1,3,1,6,1
925,379809,431270,432348,2,1,27-Apr-09,1635,3,1,1,1,1,3,1,23,1
927,342909,428059,435959,2,1,28-Apr-09,1455,3,2,1,2,1,3,1,20,1
929,346809,433306,434031,2,1,28-Apr-09,1730,3,2,1,2,1,3,1,15,1
931,362509,429017,433472,2,1,28-Apr-09,748,3,1,1,9,2,3,2,51,1
935,335609,428331,435751,2,1,29-Apr-09,1830,3,1,1,1,1,3,2,23,1
958,346309,428124,434503,2,1,01-May-09,850,6,1,1,1,1,3,1,26,1
967,345409,436954,435625,2,1,02-May-09,1430,6,1,1,1,1,3,1,74,1
999,358409,428106,426257,2,1,06-May-09,1525,3,1,1,1,1,3,1,32,1
1012,379309,432375,438796,2,1,07-May-09,1025,6,1,1,1,1,3,1,40,1
1024,372809,429796,433780,2,1,09-May-09,1714,6,1,1,1,1,2,1,15,1
1025,374809,427808,435824,2,1,09-May-09,240,6,1,7,1,1,3,1,20,1
1035,373109,426736,433835,2,1,11-May-09,1500,3,1,1,1,1,3,1,12,1
1037,375909,426070,440082,2,1,11-May-09,1805,6,1,1,1,1,3,1,47,1
1044,377709,442182,430333,2,1,12-May-09,1730,6,1,1,1,1,3,1,17,1
1055,399809,429905,434282,2,1,14-May-09,1525,3,1,1,1,1,3,1,27,1
1089,389909,431928,432895,2,1,17-May-09,1505,6,2,1,1,1,3,1,16,1
1096,412009,428227,436523,2,1,18-May-09,1900,4,1,1,1,1,3,1,59,1
1119,405209,432823,435664,2,1,20-May-09,2023,6,1,1,1,1,3,1,9,1
1124,412509,428236,436521,2,1,21-May-09,1730,4,1,1,1,1,3,1,40,1
1154,409709,428118,435899,2,1,24-May-09,1230,3,1,1,1,1,3,1,43,1
1155,412809,428925,429829,2,1,24-May-09,1545,3,1,1,1,1,3,1,20,1
1164,416009,427225,429456,2,1,25-May-09,1323,6,1,1,1,1,2,1,10,1
1182,469809,428843,435545,3,1,28-May-09,1350,3,1,1,1,1,2,1,18,1
1183,536709,430660,433453,1,1,28-May-09,1545,6,1,1,1,3,3,2,18,1
1220,433709,430162,433766,1,2,02-Jun-09,1030,6,1,1,1,3,3,1,32,1
1221,433709,430162,433766,1,2,02-Jun-09,1030,6,1,1,1,1,3,1,26,1
1226,454709,420577,440162,2,1,02-Jun-09,1740,3,1,1,1,1,2,1,32,1
1231,446609,430063,433950,2,1,03-Jun-09,1206,6,1,1,1,1,3,1,33,1
1234,441009,429107,436249,2,1,04-Jun-09,920,6,1,1,1,1,3,1,51,1
1238,446209,429847,432998,2,1,04-Jun-09,1640,6,1,1,1,1,3,1,39,1
1239,572209,427599,436800,2,1,04-Jun-09,740,3,1,1,1,1,3,1,39,1
1241,444609,427780,434626,2,1,05-Jun-09,1305,6,1,1,1,1,3,1,11,1
1242,446509,427529,438624,2,1,05-Jun-09,835,6,1,1,1,1,3,1,26,1
1244,452209,435321,434812,2,1,05-Jun-09,1600,6,1,1,1,1,3,1,15,1
1278,466109,424609,435110,2,1,11-Jun-09,1740,3,1,1,1,1,3,1,10,1
1295,468609,420514,436541,2,1,13-Jun-09,1235,6,1,1,1,1,2,1,38,1
1297,472509,423132,428428,2,1,13-Jun-09,1313,6,1,1,1,1,3,1,9,1
1298,476109,432453,435205,2,1,13-Jun-09,1923,6,1,1,1,1,3,1,14,1
1306,476309,432408,439852,3,1,14-Jun-09,1205,6,1,1,1,1,3,2,53,1
1321,481509,428000,436009,2,1,16-Jun-09,1830,3,1,1,1,1,3,2,55,1
1322,482809,428413,437837,2,1,16-Jun-09,700,6,1,1,1,1,3,1,66,1
1327,484609,426578,427694,2,1,16-Jun-09,1900,6,1,1,1,1,3,1,40,1
1328,487109,433186,433968,2,1,16-Jun-09,2040,6,1,1,1,1,3,1,19,1
1333,487309,429816,434396,2,1,17-Jun-09,1545,3,1,1,1,1,3,1,18,1
1342,548709,426824,434970,2,1,18-Jun-09,815,3,1,1,1,1,3,2,53,1
1348,487809,430082,435418,2,1,19-Jun-09,2330,6,1,4,9,1,3,1,31,1
1353,494809,427708,434474,3,1,19-Jun-09,1035,3,1,1,1,1,2,1,23,1
1354,495909,418792,444757,2,1,19-Jun-09,1715,3,1,1,1,1,3,1,13,1
1366,495209,428275,434565,2,1,20-Jun-09,1150,6,2,1,2,1,3,1,22,1
1387,509809,440219,432994,2,1,23-Jun-09,1915,6,1,1,1,1,3,1,14,1
1388,519309,430963,435867,2,1,23-Jun-09,845,6,1,1,1,1,2,1,30,1
1393,517309,437486,431651,2,1,24-Jun-09,1330,6,1,1,1,1,3,1,17,1
1396,503309,422833,433543,1,2,25-Jun-09,755,4,1,1,1,1,3,1,31,1
1397,503309,422833,433543,1,2,25-Jun-09,755,4,1,1,1,3,3,1,14,1
1412,515409,423772,437592,2,2,26-Jun-09,1150,3,1,1,1,1,3,2,46,1
1424,518809,429165,430536,2,1,28-Jun-09,1700,6,1,1,1,1,3,1,10,1
1433,517009,430091,434604,2,1,29-Jun-09,935,6,1,1,1,1,3,1,25,1
1439,523909,420429,440373,2,1,30-Jun-09,945,3,2,1,2,1,3,1,45,1
1441,541809,429793,433791,2,1,01-Jul-09,1300,6,1,1,1,1,3,1,29,1
1455,533109,428435,435000,2,1,02-Jul-09,1815,6,1,1,1,1,3,1,22,1
1457,574709,428060,435959,2,1,02-Jul-09,1605,3,1,1,1,1,3,1,45,1
1461,534409,430072,433934,2,1,03-Jul-09,2340,6,1,4,1,1,3,1,26,1
1499,543109,428224,435779,2,1,06-Jul-09,1430,3,1,1,1,1,3,1,30,1
1501,543709,429141,435248,2,1,06-Jul-09,1000,3,1,1,1,1,3,1,46,1
1509,548009,420228,439432,2,1,07-Jul-09,855,3,1,1,1,1,3,2,40,1
1516,552009,431403,438152,2,1,08-Jul-09,1035,6,1,1,1,1,3,1,56,1
1543,585509,435051,434948,2,1,10-Jul-09,1700,6,1,1,1,1,3,1,41,1
1571,551609,426780,428665,2,2,13-Jul-09,1205,6,1,1,1,1,2,1,42,1
1580,558909,424527,437057,2,1,14-Jul-09,705,3,1,1,1,1,2,1,38,1
1581,560109,428416,432513,2,1,14-Jul-09,713,3,1,1,1,1,3,2,30,1
1582,563909,428133,431161,2,1,14-Jul-09,905,3,1,1,1,1,3,1,30,1
1583,564109,431906,435743,2,1,14-Jul-09,1308,3,1,1,1,1,3,1,41,1
1595,587209,428083,433566,2,1,15-Jul-09,1630,3,1,1,1,1,3,1,37,1
1604,577709,426379,435438,2,1,16-Jul-09,740,3,1,1,1,1,3,1,31,1
1622,584709,441092,448810,2,1,17-Jul-09,810,4,2,1,2,1,3,1,25,1
1634,588609,430551,433449,2,1,18-Jul-09,2225,6,1,7,1,1,3,1,18,1
1641,583009,422131,433789,2,1,20-Jul-09,1930,6,1,1,1,1,3,1,11,1
1645,590209,430908,436542,2,1,20-Jul-09,1025,4,1,1,1,1,3,1,35,1
1647,597709,423129,437611,2,1,20-Jul-09,704,3,2,1,1,1,3,1,34,1
1661,589909,430691,425704,2,1,22-Jul-09,1630,6,1,1,1,1,3,1,11,1
1666,608409,430515,428118,2,1,22-Jul-09,1855,6,1,1,1,1,2,1,35,1
1673,596009,423750,438006,2,1,24-Jul-09,1415,6,1,1,1,1,3,2,12,1
1693,599509,436261,434182,3,1,26-Jul-09,1820,6,2,1,2,1,3,1,10,1
1702,619409,429526,440822,2,1,27-Jul-09,1420,6,1,1,1,1,3,1,67,1
1703,621509,440027,432377,2,1,27-Jul-09,725,3,1,1,1,1,3,2,45,1
1705,619509,425474,434287,2,1,28-Jul-09,1030,3,1,1,1,1,1,2,27,1
1706,627809,420188,441782,4,3,28-Jul-09,1950,6,2,1,2,1,3,2,43,1
1725,617009,426977,439876,2,1,31-Jul-09,1330,3,1,1,1,1,3,1,23,1
1732,622009,430441,436613,2,1,31-Jul-09,1620,4,1,1,1,1,3,1,18,1
1734,623509,436498,434148,3,1,31-Jul-09,1250,6,1,1,1,1,3,1,16,1
1757,627509,432024,435868,2,1,02-Aug-09,2000,3,1,1,1,1,3,1,34,1
1763,635309,430898,436548,2,1,03-Aug-09,755,4,1,1,1,1,3,1,48,1
1789,638809,432723,438298,2,1,05-Aug-09,2030,6,1,1,1,1,3,1,42,1
1800,641209,426123,434307,2,1,06-Aug-09,1150,6,1,1,1,1,3,1,12,1
1816,659609,426150,435588,2,1,08-Aug-09,1845,4,1,1,1,1,3,1,35,1
1844,649009,427826,436514,2,1,11-Aug-09,1715,4,1,1,1,1,3,1,22,1
1854,656709,426837,437898,2,1,12-Aug-09,1316,3,1,1,1,1,3,1,46,1
1856,660509,443079,444314,1,1,12-Aug-09,1220,6,1,1,1,1,2,2,54,1
1857,667109,425715,435158,2,1,12-Aug-09,1810,6,1,1,1,1,3,1,12,1
1868,657809,427945,436113,2,1,13-Aug-09,1600,3,1,1,1,1,2,1,66,1
1869,658109,421550,439245,2,1,13-Aug-09,1630,6,1,1,1,1,3,1,12,1
1871,686909,430130,437782,2,1,13-Aug-09,1610,3,1,1,1,1,3,1,8,1
1877,656109,433537,429825,2,1,15-Aug-09,720,3,1,1,1,1,2,1,41,1
1889,667209,431738,431420,2,1,18-Aug-09,846,3,1,1,1,1,3,1,38,1
1892,676609,427433,433442,2,1,18-Aug-09,2030,6,1,7,1,1,3,1,8,1
1893,672409,428860,433945,2,1,19-Aug-09,1710,6,1,1,1,1,3,1,25,1
1908,676809,425548,435261,2,1,20-Aug-09,1435,6,1,1,1,1,3,1,11,1
1924,677509,431409,433473,2,1,22-Aug-09,1718,6,1,1,1,1,3,1,18,1
1925,677809,428719,437082,2,1,22-Aug-09,1124,4,1,1,1,1,3,1,35,1
1949,693409,432139,435818,2,1,25-Aug-09,1545,3,1,1,1,1,3,1,15,1
2026,716509,431720,433955,2,1,01-Sep-09,1755,6,1,1,1,1,3,1,22,1
2027,717309,431272,428911,2,1,01-Sep-09,1800,6,1,1,1,1,2,1,32,1
2031,746609,427518,433834,2,1,01-Sep-09,1650,6,2,1,2,1,3,1,32,1
2036,717109,428867,432487,1,1,02-Sep-09,1505,3,2,1,2,1,3,1,29,1
2040,754309,434904,429047,2,1,02-Sep-09,1300,3,2,1,2,1,3,1,49,1
2041,758509,429778,433635,2,1,02-Sep-09,755,6,1,1,1,1,3,1,40,1
2048,722809,428912,435505,2,1,04-Sep-09,1745,3,1,1,1,1,2,1,54,1
2050,728909,431379,435350,2,2,04-Sep-09,1800,6,1,1,1,1,3,1,15,1
2051,728909,431379,435350,2,2,04-Sep-09,1800,6,1,1,1,2,3,2,16,1
2056,721109,423659,434671,2,1,05-Sep-09,1820,6,1,1,1,1,3,1,39,1
2057,721509,439029,431761,2,1,05-Sep-09,1510,3,1,1,1,1,2,1,25,1
2065,727609,420505,440240,2,1,06-Sep-09,2025,3,1,4,1,1,3,1,62,1
2070,723609,428658,434965,2,1,07-Sep-09,1804,6,1,1,1,1,3,1,25,1
2071,723809,429145,434068,2,1,07-Sep-09,930,6,1,1,1,1,3,1,35,1
2098,738609,434503,435434,3,1,09-Sep-09,1950,6,1,1,1,1,3,1,12,1
2105,772209,444906,444750,2,1,09-Sep-09,1915,3,1,1,1,1,3,1,44,1
2107,737309,431671,435358,2,1,10-Sep-09,844,3,1,1,1,1,3,1,44,1
2115,772309,440554,448560,2,1,10-Sep-09,1215,4,1,1,1,1,3,2,63,1
2120,785209,423254,435774,2,1,11-Sep-09,1210,3,1,1,1,1,3,1,29,1
2129,781209,427653,436667,2,1,12-Sep-09,1727,3,1,1,1,1,2,1,27,1
2130,750509,442103,434635,2,1,13-Sep-09,930,3,1,1,1,1,3,1,65,1
2136,764009,431348,435058,2,1,14-Sep-09,1835,3,1,1,1,1,3,2,27,1
2146,777109,423724,434194,2,1,15-Sep-09,1140,6,1,1,1,1,3,1,22,1
2152,762009,446225,429783,2,1,16-Sep-09,725,6,1,1,1,1,3,1,38,1
2157,765209,431976,435829,2,1,17-Sep-09,905,3,1,1,1,1,3,1,23,1
2158,767109,430642,434705,2,1,17-Sep-09,1950,3,1,4,1,1,2,1,26,1
2161,763809,430889,433535,2,1,18-Sep-09,1450,6,1,1,1,1,3,1,35,1
2173,768409,433601,434441,2,1,20-Sep-09,1500,6,1,1,1,1,3,1,12,1
2217,785809,430072,433830,2,1,25-Sep-09,1,6,1,7,1,1,3,1,38,1
2223,787909,429250,438591,2,1,26-Sep-09,2230,3,1,4,1,1,2,1,45,1
2241,802309,430597,426445,2,1,27-Sep-09,950,6,2,1,2,1,3,1,44,1
2242,794809,428905,435508,2,1,28-Sep-09,1735,3,1,1,1,1,3,1,50,1
2247,799109,428272,433520,2,1,29-Sep-09,730,6,1,1,1,1,3,2,39,1
2252,840509,430700,434876,2,1,29-Sep-09,1736,3,1,1,1,1,3,1,22,1
2260,845109,428148,435835,2,1,30-Sep-09,1445,3,1,1,1,1,3,1,19,1
2261,800109,429433,433462,2,1,01-Oct-09,915,6,1,1,1,1,3,1,34,1
2264,811009,432337,432653,2,1,01-Oct-09,1827,6,1,4,1,1,3,1,49,1
2266,901909,422225,433765,2,1,01-Oct-09,1750,4,1,1,1,1,3,1,21,1
2267,804209,428110,432803,2,1,02-Oct-09,1630,4,1,1,1,1,3,2,40,1
2290,813809,429221,431643,2,1,05-Oct-09,1715,6,1,1,1,1,3,1,12,1
2292,816409,432514,427314,2,1,05-Oct-09,1715,3,1,1,1,1,3,1,42,1
2298,828109,427112,436977,3,1,05-Oct-09,1300,6,2,1,2,1,3,1,19,1
2326,827109,427517,434869,2,1,09-Oct-09,1655,6,1,1,1,1,3,1,23,1
2332,838709,430704,439227,2,1,10-Oct-09,845,3,1,1,1,1,3,1,39,1
2333,838909,432331,434981,2,1,10-Oct-09,1355,4,1,1,1,1,3,1,11,1
2345,840009,427984,435223,2,1,13-Oct-09,1700,6,1,1,1,1,3,2,22,1
2349,844509,441659,430764,2,1,13-Oct-09,1542,6,1,1,1,1,3,1,13,1
2355,865609,427393,429667,2,1,13-Oct-09,715,3,1,1,1,1,2,2,31,1
2368,848609,431893,430494,2,1,15-Oct-09,620,3,2,4,1,1,3,1,27,1
2391,860109,436222,434266,2,1,16-Oct-09,1530,6,1,1,1,1,3,2,44,1
2404,863409,430089,431274,2,1,19-Oct-09,1715,3,1,1,1,1,3,1,21,1
2423,870109,435088,435681,2,1,21-Oct-09,1820,6,1,4,1,1,3,1,47,1
2432,875409,430716,436746,2,1,22-Oct-09,1303,6,1,1,1,1,3,1,51,1
2439,878309,426136,440434,2,1,24-Oct-09,1420,6,1,1,1,1,3,1,42,1
2440,873609,424024,437714,2,1,25-Oct-09,1240,3,2,1,2,1,3,1,32,1
2450,885109,431978,431223,2,1,26-Oct-09,615,3,2,7,1,1,3,1,33,1
2453,892609,429169,431578,2,1,26-Oct-09,1830,6,1,4,1,1,3,1,28,1
2454,893309,430028,433372,2,1,26-Oct-09,45,6,1,7,1,1,3,1,24,1
2461,882909,428870,434835,2,1,27-Oct-09,2045,6,2,4,1,1,3,1,26,1
2480,883609,426604,436350,2,1,29-Oct-09,1220,6,1,1,1,1,3,1,10,1
2486,885909,429454,434906,2,1,29-Oct-09,925,3,1,1,1,1,3,2,34,1
2497,890009,428433,435000,2,1,31-Oct-09,30,6,2,7,1,1,3,1,22,1
2519,896509,432157,436142,2,1,02-Nov-09,2140,6,1,4,1,1,3,1,36,1
2572,914209,431574,435200,2,1,05-Nov-09,1130,3,2,1,1,1,3,1,33,1
2573,915409,428908,433712,2,1,05-Nov-09,1825,3,2,4,1,1,3,1,35,1
2593,916809,429651,432927,2,1,06-Nov-09,1720,6,2,4,2,1,3,1,30,1
2613,919209,427570,436880,2,1,08-Nov-09,1535,3,2,1,1,1,2,1,42,1
2618,921909,437049,435614,2,1,09-Nov-09,1400,6,1,1,1,1,3,1,30,1
2626,935609,429586,434806,2,1,10-Nov-09,810,3,2,1,2,1,3,1,24,1
2634,945109,428097,430025,2,1,10-Nov-09,1955,3,2,4,1,1,3,1,26,1
2660,959609,428907,435508,2,1,13-Nov-09,1905,3,1,7,1,1,2,1,20,1
2665,937209,427232,434728,2,1,14-Nov-09,1110,3,1,1,1,1,3,2,29,1
2708,970609,433903,434111,2,1,18-Nov-09,1719,3,1,4,1,1,3,1,44,1
2720,971609,433031,437105,2,1,20-Nov-09,900,6,2,1,1,1,3,1,55,1
2727,992609,427833,436514,2,1,20-Nov-09,1705,4,2,4,1,1,2,1,43,1
2750,988109,428717,435609,2,1,24-Nov-09,1200,3,1,1,1,1,3,2,19,1
2786,1010909,427946,436112,2,1,30-Nov-09,1545,3,1,1,1,1,3,1,46,1
2789,998209,425584,443070,2,1,01-Dec-09,800,3,4,1,1,1,3,1,37,1
2810,1025009,429779,430507,2,1,02-Dec-09,605,6,2,4,1,1,3,2,37,1
2826,1012909,431971,435839,2,1,04-Dec-09,735,3,2,7,1,1,3,1,28,1
2889,1031609,428433,434999,2,1,10-Dec-09,1210,6,2,1,1,1,3,1,19,1
2939,1046609,428526,434276,2,1,14-Dec-09,1955,6,2,4,2,1,3,1,21,1
2997,1079909,440400,449273,2,1,20-Dec-09,1030,4,2,1,1,1,3,1,41,1
3051,1102709,429247,433845,2,1,29-Dec-09,2000,6,2,4,2,1,3,1,19,1
3085,10BA0000020,428698,436765,3,1,04-Jan-10,815,6,Frost/ Ice,1,1,1,3,1,35,1
3123,10CA0000298,424277,428345,2,1,11-Jan-10,1320,3,Frost/ Ice,1,8,1,2,1,19,1
3128,10AA0000395,425412,440434,2,1,12-Jan-10,1420,6,2,1,2,1,3,1,35,1
3138,10BA0000388,436093,434819,2,1,14-Jan-10,1900,3,2,4,1,1,2,1,16,1
3154,10CA0000435,429972,433280,2,1,18-Jan-10,745,6,1,4,1,1,3,1,31,1
3156,10AA0000450,420069,440803,2,1,19-Jan-10,717,3,2,4,1,1,3,1,36,1
3161,10CA0000451,430636,433680,2,1,20-Jan-10,2013,6,1,4,1,1,3,1,37,1
3189,10BA0000517,440139,426162,2,1,24-Jan-10,920,3,2,1,1,1,3,1,42,1
3195,10AA0000604,427997,436012,2,1,26-Jan-10,1830,3,1,4,1,1,3,1,23,1
3232,10BA0000703,427980,441453,2,1,31-Jan-10,1140,6,1,1,1,1,3,1,15,1
3254,10BA0000761,432573,433795,1,1,02-Feb-10,2335,3,Frost/ Ice,4,1,1,3,1,18,1
3255,10CA0000826,428322,434094,2,1,02-Feb-10,1930,3,2,4,1,1,3,1,31,1
3259,10AA0001076,428004,435412,2,1,03-Feb-10,900,6,1,1,1,1,3,1,21,1
3287,10CA0000886,429133,430518,2,1,06-Feb-10,1727,6,2,1,1,1,2,1,30,1
3292,10BA0000927,438463,432688,2,1,07-Feb-10,1250,3,2,1,1,1,3,1,63,1
3391,10AA0001236,428397,434800,2,1,18-Feb-10,1838,6,2,4,3,1,3,1,21,1
3416,10AA0001350,428906,435505,2,1,23-Feb-10,2120,3,3,4,3,1,3,1,24,1
3420,10AA0001362,427603,436790,2,1,24-Feb-10,1620,3,1,1,1,1,3,1,33,1
3423,10CA0001445,426375,426745,2,1,24-Feb-10,1830,3,1,4,1,1,3,1,42,1
3427,10AA0001676,424298,437191,2,1,25-Feb-10,740,3,2,1,9,1,3,1,30,1
3432,10CA0001417,428944,429843,2,1,25-Feb-10,1640,3,2,1,2,1,3,1,25,1
3438,10CA0001452,436200,427757,2,1,26-Feb-10,1645,3,2,1,1,1,3,1,34,1
3468,10AA0001577,428595,435253,2,1,02-Mar-10,1736,6,1,1,1,1,3,1,26,1
3469,10AA0001626,425143,437846,2,1,02-Mar-10,1616,3,1,1,1,1,3,2,25,1
3490,10AA0001614,420263,445404,2,1,04-Mar-10,2210,6,1,4,1,1,3,1,40,1
3498,10AA0001694,425203,437136,2,1,05-Mar-10,1650,6,1,1,9,1,3,1,7,1
3501,10CA0001713,430659,433713,2,1,05-Mar-10,855,3,1,1,1,1,3,2,23,1
3521,10BA0002293,440137,426162,2,1,08-Mar-10,915,3,1,1,1,1,2,2,69,1
3528,10AA0001822,424093,437269,2,1,10-Mar-10,845,3,1,1,1,1,3,1,28,1
3541,10AA0001805,424895,443474,2,1,11-Mar-10,1015,3,1,1,1,1,2,2,71,1
3591,10AA0002078,428044,432826,1,2,19-Mar-10,820,4,1,1,1,1,2,1,23,1
3592,10AA0002078,428044,432826,1,2,19-Mar-10,820,4,1,1,1,3,3,1,90,1
3603,10AA0002113,420437,445240,2,1,20-Mar-10,1110,6,2,1,2,1,3,1,43,1
3613,10CA0002214,435794,425979,2,1,22-Mar-10,1557,3,1,1,1,1,3,1,45,1
3614,10CA0002341,430022,433781,2,1,22-Mar-10,1710,6,1,1,1,1,3,1,39,1
3616,10CA0002128,433549,429830,2,1,23-Mar-10,718,3,2,1,1,1,3,1,51,1
3643,10BA0126930,438792,430898,2,1,26-Mar-10,1203,3,1,1,1,1,1,1,19,1